fullname,id,location,center_crs,center_lat,center_lon,target_crs,target_width,target_height,startdate,enddate
000-baffin_bay-100km-20040725-20040726,000,baffin_bay,EPSG:4326,69.90135405651581,-65.28920053776979,EPSG:3413,100_000,100_000,2004-07-25,2004-07-26
002-baffin_bay-100km-20040921-20040922,002,baffin_bay,EPSG:4326,68.11094966783841,-73.30075576600639,EPSG:3413,100_000,100_000,2004-09-21,2004-09-22
004-baffin_bay-100km-20050819-20050820,004,baffin_bay,EPSG:4326,75.68820789467534,-86.74805439963612,EPSG:3413,100_000,100_000,2005-08-19,2005-08-20
005-baffin_bay-100km-20050827-20050828,005,baffin_bay,EPSG:4326,76.9736565092582,-93.57633437499736,EPSG:3413,100_000,100_000,2005-08-27,2005-08-28
007-baffin_bay-100km-20070605-20070606,007,baffin_bay,EPSG:4326,74.7568366127483,-64.79887635452492,EPSG:3413,100_000,100_000,2007-06-05,2007-06-06
008-baffin_bay-100km-20080704-20080705,008,baffin_bay,EPSG:4326,70.33687935349806,-63.64559412207739,EPSG:3413,100_000,100_000,2008-07-04,2008-07-05
016-baffin_bay-100km-20090426-20090427,016,baffin_bay,EPSG:4326,79.75068045859918,-69.55045238920742,EPSG:3413,100_000,100_000,2009-04-26,2009-04-27
019-baffin_bay-100km-20110506-20110507,019,baffin_bay,EPSG:4326,77.71099327658386,-72.28420729362306,EPSG:3413,100_000,100_000,2011-05-06,2011-05-07
020-baffin_bay-100km-20120419-20120420,020,baffin_bay,EPSG:4326,75.63723535800011,-79.5792876032055,EPSG:3413,100_000,100_000,2012-04-19,2012-04-20
021-baffin_bay-100km-20120422-20120423,021,baffin_bay,EPSG:4326,77.20090337870023,-72.25532837494306,EPSG:3413,100_000,100_000,2012-04-22,2012-04-23
022-baffin_bay-100km-20130308-20130309,022,baffin_bay,EPSG:4326,78.20371977365892,-74.81416273779868,EPSG:3413,100_000,100_000,2013-03-08,2013-03-09
023-baffin_bay-100km-20140329-20140330,023,baffin_bay,EPSG:4326,70.09851433514446,-55.92280471986926,EPSG:3413,100_000,100_000,2014-03-29,2014-03-30
024-baffin_bay-100km-20150312-20150313,024,baffin_bay,EPSG:4326,76.05793463023313,-81.96428928946521,EPSG:3413,100_000,100_000,2015-03-12,2015-03-13
032-baffin_bay-100km-20190523-20190524,032,baffin_bay,EPSG:4326,73.86538924964248,-84.23211110208587,EPSG:3413,100_000,100_000,2019-05-23,2019-05-24
033-baffin_bay-100km-20190925-20190926,033,baffin_bay,EPSG:4326,79.30290332206089,-76.80938928779315,EPSG:3413,100_000,100_000,2019-09-25,2019-09-26
441-baffin_bay-100km-20200726-20200727,441,baffin_bay,EPSG:4326,76.66772154668719,-92.09525256462383,EPSG:3413,100_000,100_000,2020-07-26,2020-07-27
036-baffin_bay-100km-20210602-20210603,036,baffin_bay,EPSG:4326,75.6736250602886,-72.18111108547723,EPSG:3413,100_000,100_000,2021-06-02,2021-06-03
037-baffin_bay-100km-20210804-20210805,037,baffin_bay,EPSG:4326,80.3552085203289,-68.19859051364818,EPSG:3413,100_000,100_000,2021-08-04,2021-08-05
045-baffin_bay-100km-20220530-20220531,045,baffin_bay,EPSG:4326,75.26078556750505,-73.3611943295737,EPSG:3413,100_000,100_000,2022-05-30,2022-05-31
046-baffin_bay-100km-20220617-20220618,046,baffin_bay,EPSG:4326,74.18734019461445,-79.9579763644705,EPSG:3413,100_000,100_000,2022-06-17,2022-06-18
048-baffin_bay-100km-20220911-20220912,048,baffin_bay,EPSG:4326,77.8010134696761,-91.52752544221292,EPSG:3413,100_000,100_000,2022-09-11,2022-09-12
049-barents_kara_seas-100km-20030902-20030903,049,barents_kara_seas,EPSG:4326,77.38241922904824,75.06858282186246,EPSG:3413,100_000,100_000,2003-09-02,2003-09-03
050-barents_kara_seas-100km-20040519-20040520,050,barents_kara_seas,EPSG:4326,76.59724556696548,59.39359296849051,EPSG:3413,100_000,100_000,2004-05-19,2004-05-20
052-barents_kara_seas-100km-20040916-20040917,052,barents_kara_seas,EPSG:4326,80.01651358186676,65.94265054998827,EPSG:3413,100_000,100_000,2004-09-16,2004-09-17
061-barents_kara_seas-100km-20050718-20050719,061,barents_kara_seas,EPSG:4326,79.65342561129911,70.70995378081126,EPSG:3413,100_000,100_000,2005-07-18,2005-07-19
070-barents_kara_seas-100km-20090302-20090303,070,barents_kara_seas,EPSG:4326,76.7504339106868,33.49518467374119,EPSG:3413,100_000,100_000,2009-03-02,2009-03-03
071-barents_kara_seas-100km-20100311-20100312,071,barents_kara_seas,EPSG:4326,77.592012065461,68.47739989209293,EPSG:3413,100_000,100_000,2010-03-11,2010-03-12
072-barents_kara_seas-100km-20110510-20110511,072,barents_kara_seas,EPSG:4326,77.32023765750544,53.86462338841079,EPSG:3413,100_000,100_000,2011-05-10,2011-05-11
073-barents_kara_seas-100km-20110601-20110602,073,barents_kara_seas,EPSG:4326,72.61040758093598,62.24145939893998,EPSG:3413,100_000,100_000,2011-06-01,2011-06-02
074-barents_kara_seas-100km-20110805-20110806,074,barents_kara_seas,EPSG:4326,79.95331911853829,63.019769281777144,EPSG:3413,100_000,100_000,2011-08-05,2011-08-06
076-barents_kara_seas-100km-20130422-20130423,076,barents_kara_seas,EPSG:4326,76.53492076460785,41.57612875506932,EPSG:3413,100_000,100_000,2013-04-22,2013-04-23
077-barents_kara_seas-100km-20130924-20130925,077,barents_kara_seas,EPSG:4326,69.1597208486606,67.20940915821498,EPSG:3413,100_000,100_000,2013-09-24,2013-09-25
079-barents_kara_seas-100km-20140501-20140502,079,barents_kara_seas,EPSG:4326,76.97767857802384,60.87594650522258,EPSG:3413,100_000,100_000,2014-05-01,2014-05-02
080-barents_kara_seas-100km-20140621-20140622,080,barents_kara_seas,EPSG:4326,78.28866110333007,37.665621198583295,EPSG:3413,100_000,100_000,2014-06-21,2014-06-22
081-barents_kara_seas-100km-20140708-20140709,081,barents_kara_seas,EPSG:4326,80.18168529276582,49.707852244372226,EPSG:3413,100_000,100_000,2014-07-08,2014-07-09
082-barents_kara_seas-100km-20150303-20150304,082,barents_kara_seas,EPSG:4326,70.31863356852487,56.04890567165475,EPSG:3413,100_000,100_000,2015-03-03,2015-03-04
083-barents_kara_seas-100km-20150426-20150427,083,barents_kara_seas,EPSG:4326,79.92187339683146,31.12247019679199,EPSG:3413,100_000,100_000,2015-04-26,2015-04-27
084-barents_kara_seas-100km-20150428-20150429,084,barents_kara_seas,EPSG:4326,69.73653112317245,54.40922140811018,EPSG:3413,100_000,100_000,2015-04-28,2015-04-29
086-barents_kara_seas-100km-20160829-20160830,086,barents_kara_seas,EPSG:4326,68.9526759275163,66.97450799147197,EPSG:3413,100_000,100_000,2016-08-29,2016-08-30
089-barents_kara_seas-100km-20170621-20170622,089,barents_kara_seas,EPSG:4326,78.58415768279158,57.21571913413086,EPSG:3413,100_000,100_000,2017-06-21,2017-06-22
092-barents_kara_seas-100km-20200701-20200702,092,barents_kara_seas,EPSG:4326,79.66361897791533,63.83843355798077,EPSG:3413,100_000,100_000,2020-07-01,2020-07-02
095-barents_kara_seas-100km-20210825-20210826,095,barents_kara_seas,EPSG:4326,68.9526759275163,66.97450799147197,EPSG:3413,100_000,100_000,2021-08-25,2021-08-26
098-beaufort_sea-100km-20030422-20030423,098,beaufort_sea,EPSG:4326,70.84194606079423,-125.0316438295262,EPSG:3413,100_000,100_000,2003-04-22,2003-04-23
099-beaufort_sea-100km-20030527-20030528,099,beaufort_sea,EPSG:4326,72.1471600292256,-128.74096369487776,EPSG:3413,100_000,100_000,2003-05-27,2003-05-28
107-beaufort_sea-100km-20030616-20030617,107,beaufort_sea,EPSG:4326,70.89835244968855,-133.970845195694,EPSG:3413,100_000,100_000,2003-06-16,2003-06-17
108-beaufort_sea-100km-20030621-20030622,108,beaufort_sea,EPSG:4326,69.55563390274885,-134.67991517621832,EPSG:3413,100_000,100_000,2003-06-21,2003-06-22
110-beaufort_sea-100km-20040428-20040429,110,beaufort_sea,EPSG:4326,70.71368136655593,-123.02386755579664,EPSG:3413,100_000,100_000,2004-04-28,2004-04-29
115-beaufort_sea-100km-20070711-20070712,115,beaufort_sea,EPSG:4326,75.54667811712906,-128.15722658736905,EPSG:3413,100_000,100_000,2007-07-11,2007-07-12
442-beaufort_sea-100km-20070902-20070903,442,beaufort_sea,EPSG:4326,71.96596819248917,-139.73343833057547,EPSG:3413,100_000,100_000,2007-09-02,2007-09-03
116-beaufort_sea-100km-20100330-20100331,116,beaufort_sea,EPSG:4326,74.83217276492898,-116.01678294077378,EPSG:3413,100_000,100_000,2010-03-30,2010-03-31
118-beaufort_sea-100km-20100925-20100926,118,beaufort_sea,EPSG:4326,76.9736565092582,-139.55376797915864,EPSG:3413,100_000,100_000,2010-09-25,2010-09-26
119-beaufort_sea-100km-20110608-20110609,119,beaufort_sea,EPSG:4326,71.003583622892,-128.43123587817888,EPSG:3413,100_000,100_000,2011-06-08,2011-06-09
122-beaufort_sea-100km-20140818-20140819,122,beaufort_sea,EPSG:4326,74.90445120146457,-116.84050953321324,EPSG:3413,100_000,100_000,2014-08-18,2014-08-19
132-beaufort_sea-100km-20170525-20170526,132,beaufort_sea,EPSG:4326,72.02614964299937,-125.8376529542783,EPSG:3413,100_000,100_000,2017-05-25,2017-05-26
134-beaufort_sea-100km-20170925-20170926,134,beaufort_sea,EPSG:4326,78.31111945065037,-148.07912378006682,EPSG:3413,100_000,100_000,2017-09-25,2017-09-26
137-beaufort_sea-100km-20190319-20190320,137,beaufort_sea,EPSG:4326,71.02795656503653,-129.11755440990464,EPSG:3413,100_000,100_000,2019-03-19,2019-03-20
139-beaufort_sea-100km-20190808-20190809,139,beaufort_sea,EPSG:4326,73.5752989316775,-131.39872188277656,EPSG:3413,100_000,100_000,2019-08-08,2019-08-09
140-beaufort_sea-100km-20200708-20200709,140,beaufort_sea,EPSG:4326,70.05737285048592,-142.5729486405434,EPSG:3413,100_000,100_000,2020-07-08,2020-07-09
141-beaufort_sea-100km-20200808-20200809,141,beaufort_sea,EPSG:4326,74.66490739686482,-150.17992743452623,EPSG:3413,100_000,100_000,2020-08-08,2020-08-09
142-beaufort_sea-100km-20210427-20210428,142,beaufort_sea,EPSG:4326,70.13458850929605,-140.61220322932488,EPSG:3413,100_000,100_000,2021-04-27,2021-04-28
144-beaufort_sea-100km-20210718-20210719,144,beaufort_sea,EPSG:4326,71.34239041021729,-136.7569883099082,EPSG:3413,100_000,100_000,2021-07-18,2021-07-19
145-beaufort_sea-100km-20220302-20220303,145,beaufort_sea,EPSG:4326,70.33427169714388,-141.34019174590992,EPSG:3413,100_000,100_000,2022-03-02,2022-03-03
146-beaufort_sea-100km-20220523-20220524,146,beaufort_sea,EPSG:4326,70.21212906168073,-132.68293761412866,EPSG:3413,100_000,100_000,2022-05-23,2022-05-24
155-bering_strait-100km-20040620-20040621,155,bering_strait,EPSG:4326,69.87844540882928,-168.41938081777187,EPSG:3413,100_000,100_000,2004-06-20,2004-06-21
157-bering_strait-100km-20050303-20050304,157,bering_strait,EPSG:4326,60.00562854443666,-171.7405620201212,EPSG:3413,100_000,100_000,2005-03-03,2005-03-04
158-bering_strait-100km-20050705-20050706,158,bering_strait,EPSG:4326,71.11761231909615,-170.13419305691565,EPSG:3413,100_000,100_000,2005-07-05,2005-07-06
449-bering_strait-100km-20050709-20050710,449,bering_strait,EPSG:4326,72.00893308869686,-164.33789365467393,EPSG:3413,100_000,100_000,2005-07-09,2005-07-10
443-bering_strait-100km-20070727-20070728,443,bering_strait,EPSG:4326,65.87000669388078,-179.61803379527095,EPSG:3413,100_000,100_000,2007-07-27,2007-07-28
163-bering_strait-100km-20080418-20080419,163,bering_strait,EPSG:4326,58.60837596513459,-169.77314229365865,EPSG:3413,100_000,100_000,2008-04-18,2008-04-19
450-bering_strait-100km-20080507-20080508,450,bering_strait,EPSG:4326,62.13404812631506,-178.35402250243595,EPSG:3413,100_000,100_000,2008-05-07,2008-05-08
165-bering_strait-100km-20090523-20090524,165,bering_strait,EPSG:4326,61.824479163964654,-171.17962044797895,EPSG:3413,100_000,100_000,2009-05-23,2009-05-24
168-bering_strait-100km-20110319-20110320,168,bering_strait,EPSG:4326,62.27074227899072,-177.3523703347078,EPSG:3413,100_000,100_000,2011-03-19,2011-03-20
451-bering_strait-100km-20110614-20110615,451,bering_strait,EPSG:4326,71.89745002129715,-164.96956947656673,EPSG:3413,100_000,100_000,2011-06-14,2011-06-15
448-bering_strait-100km-20110715-20110716,448,bering_strait,EPSG:4326,66.52820938656589,-162.43498531270703,EPSG:3413,100_000,100_000,2011-07-15,2011-07-16
445-bering_strait-100km-20110804-20110805,445,bering_strait,EPSG:4326,65.2880031327072,-171.39551840690734,EPSG:3413,100_000,100_000,2011-08-04,2011-08-05
170-bering_strait-100km-20120513-20120514,170,bering_strait,EPSG:4326,61.96997611243771,-169.13918537836267,EPSG:3413,100_000,100_000,2012-05-13,2012-05-14
171-bering_strait-100km-20120523-20120524,171,bering_strait,EPSG:4326,62.99920350261355,-168.3565685012383,EPSG:3413,100_000,100_000,2012-05-23,2012-05-24
172-bering_strait-100km-20120607-20120608,172,bering_strait,EPSG:4326,60.65389165183929,-172.17864789562506,EPSG:3413,100_000,100_000,2012-06-07,2012-06-08
176-bering_strait-100km-20130423-20130424,176,bering_strait,EPSG:4326,58.23860957981134,-172.80376457091864,EPSG:3413,100_000,100_000,2013-04-23,2013-04-24
444-bering_strait-100km-20130806-20130807,444,bering_strait,EPSG:4326,74.02713895156538,-164.69386102591014,EPSG:3413,100_000,100_000,2013-08-06,2013-08-07
178-bering_strait-100km-20150320-20150321,178,bering_strait,EPSG:4326,63.348725922335845,-173.08877288097534,EPSG:3413,100_000,100_000,2015-03-20,2015-03-21
179-bering_strait-100km-20160415-20160416,179,bering_strait,EPSG:4326,60.37378491297163,-165.96375653207352,EPSG:3413,100_000,100_000,2016-04-15,2016-04-16
187-bering_strait-100km-20180723-20180724,187,bering_strait,EPSG:4326,72.59554736559004,-165.44642720928746,EPSG:3413,100_000,100_000,2018-07-23,2018-07-24
192-bering_strait-100km-20200628-20200629,192,bering_strait,EPSG:4326,71.5059284199646,-164.26119856255056,EPSG:3413,100_000,100_000,2020-06-28,2020-06-29
196-chukchi_east_siberian_seas-100km-20040717-20040718,196,chukchi_east_siberian_seas,EPSG:4326,69.25793094662976,168.7775419305552,EPSG:3413,100_000,100_000,2004-07-17,2004-07-18
198-chukchi_east_siberian_seas-100km-20050730-20050731,198,chukchi_east_siberian_seas,EPSG:4326,74.90445120146457,178.76802259736027,EPSG:3413,100_000,100_000,2005-07-30,2005-07-31
199-chukchi_east_siberian_seas-100km-20060611-20060612,199,chukchi_east_siberian_seas,EPSG:4326,74.54322462696989,154.51079944371327,EPSG:3413,100_000,100_000,2006-06-11,2006-06-12
200-chukchi_east_siberian_seas-100km-20060927-20060928,200,chukchi_east_siberian_seas,EPSG:4326,74.0076382307174,-173.59564727361587,EPSG:3413,100_000,100_000,2006-09-27,2006-09-28
446-chukchi_east_siberian_seas-100km-20070326-20070327,446,chukchi_east_siberian_seas,EPSG:4326,70.58632586199631,165.03784474567345,EPSG:3413,100_000,100_000,2007-03-26,2007-03-27
202-chukchi_east_siberian_seas-100km-20070723-20070724,202,chukchi_east_siberian_seas,EPSG:4326,76.06543314580152,158.81865049973374,EPSG:3413,100_000,100_000,2007-07-23,2007-07-24
206-chukchi_east_siberian_seas-100km-20090903-20090904,206,chukchi_east_siberian_seas,EPSG:4326,78.27969013699676,-177.6140559696112,EPSG:3413,100_000,100_000,2009-09-03,2009-09-04
208-chukchi_east_siberian_seas-100km-20100929-20100930,208,chukchi_east_siberian_seas,EPSG:4326,75.69185601903224,170.85835977647508,EPSG:3413,100_000,100_000,2010-09-29,2010-09-30
221-chukchi_east_siberian_seas-100km-20140427-20140428,221,chukchi_east_siberian_seas,EPSG:4326,75.69185601903224,152.2717425776809,EPSG:3413,100_000,100_000,2014-04-27,2014-04-28
222-chukchi_east_siberian_seas-100km-20140511-20140512,222,chukchi_east_siberian_seas,EPSG:4326,76.03546416302942,146.86439045128114,EPSG:3413,100_000,100_000,2014-05-11,2014-05-12
223-chukchi_east_siberian_seas-100km-20140808-20140809,223,chukchi_east_siberian_seas,EPSG:4326,73.15462423928713,-172.2596588411621,EPSG:3413,100_000,100_000,2014-08-08,2014-08-09
225-chukchi_east_siberian_seas-100km-20150630-20150701,225,chukchi_east_siberian_seas,EPSG:4326,75.10248262521975,150.64224645720873,EPSG:3413,100_000,100_000,2015-06-30,2015-07-01
226-chukchi_east_siberian_seas-100km-20160525-20160526,226,chukchi_east_siberian_seas,EPSG:4326,75.49262615378512,148.26648084658368,EPSG:3413,100_000,100_000,2016-05-25,2016-05-26
229-chukchi_east_siberian_seas-100km-20170417-20170418,229,chukchi_east_siberian_seas,EPSG:4326,70.34470455681678,174.33629374197946,EPSG:3413,100_000,100_000,2017-04-17,2017-04-18
447-chukchi_east_siberian_seas-100km-20180422-20180423,447,chukchi_east_siberian_seas,EPSG:4326,75.82015542618574,150.49927537650083,EPSG:3413,100_000,100_000,2018-04-22,2018-04-23
232-chukchi_east_siberian_seas-100km-20180809-20180810,232,chukchi_east_siberian_seas,EPSG:4326,75.51782426482085,176.14319901441013,EPSG:3413,100_000,100_000,2018-08-09,2018-08-10
234-chukchi_east_siberian_seas-100km-20180828-20180829,234,chukchi_east_siberian_seas,EPSG:4326,77.2378149436017,-173.418055344822,EPSG:3413,100_000,100_000,2018-08-28,2018-08-29
238-chukchi_east_siberian_seas-100km-20190615-20190616,238,chukchi_east_siberian_seas,EPSG:4326,76.1935547516979,154.94238458169698,EPSG:3413,100_000,100_000,2019-06-15,2019-06-16
240-chukchi_east_siberian_seas-100km-20200303-20200304,240,chukchi_east_siberian_seas,EPSG:4326,73.34954438997262,148.94059117029002,EPSG:3413,100_000,100_000,2020-03-03,2020-03-04
241-chukchi_east_siberian_seas-100km-20200330-20200331,241,chukchi_east_siberian_seas,EPSG:4326,70.56254646642313,168.97046877601952,EPSG:3413,100_000,100_000,2020-03-30,2020-03-31
244-chukchi_east_siberian_seas-100km-20220520-20220521,244,chukchi_east_siberian_seas,EPSG:4326,75.53945903477262,151.13284053048537,EPSG:3413,100_000,100_000,2022-05-20,2022-05-21
245-greenland_sea-100km-20030807-20030808,245,greenland_sea,EPSG:4326,79.55205034437945,4.467159061389275,EPSG:3413,100_000,100_000,2003-08-07,2003-08-08
247-greenland_sea-100km-20040623-20040624,247,greenland_sea,EPSG:4326,79.58235715188954,0.8951737102110717,EPSG:3413,100_000,100_000,2004-06-23,2004-06-24
255-greenland_sea-100km-20050919-20050920,255,greenland_sea,EPSG:4326,76.1784176523337,-19.925580658184323,EPSG:3413,100_000,100_000,2005-09-19,2005-09-20
256-greenland_sea-100km-20060616-20060617,256,greenland_sea,EPSG:4326,80.76347686311696,-9.13017648227869,EPSG:3413,100_000,100_000,2006-06-16,2006-06-17
258-greenland_sea-100km-20090314-20090315,258,greenland_sea,EPSG:4326,77.5329599885405,12.042575142884989,EPSG:3413,100_000,100_000,2009-03-14,2009-03-15
261-greenland_sea-100km-20100728-20100729,261,greenland_sea,EPSG:4326,76.64418678475745,-9.806092759897089,EPSG:3413,100_000,100_000,2010-07-28,2010-07-29
263-greenland_sea-100km-20120406-20120407,263,greenland_sea,EPSG:4326,77.76663966021515,-4.573921259900861,EPSG:3413,100_000,100_000,2012-04-06,2012-04-07
270-greenland_sea-100km-20120508-20120509,270,greenland_sea,EPSG:4326,76.8735186283378,21.80140948635181,EPSG:3413,100_000,100_000,2012-05-08,2012-05-09
273-greenland_sea-100km-20130521-20130522,273,greenland_sea,EPSG:4326,77.47838283313693,-1.4878675288277772,EPSG:3413,100_000,100_000,2013-05-21,2013-05-22
275-greenland_sea-100km-20150405-20150406,275,greenland_sea,EPSG:4326,76.27711842801723,16.50436138175503,EPSG:3413,100_000,100_000,2015-04-05,2015-04-06
276-greenland_sea-100km-20150430-20150501,276,greenland_sea,EPSG:4326,76.5582575023497,-7.640406761026755,EPSG:3413,100_000,100_000,2015-04-30,2015-05-01
277-greenland_sea-100km-20150513-20150514,277,greenland_sea,EPSG:4326,77.95694517206176,-2.3215305898327165,EPSG:3413,100_000,100_000,2015-05-13,2015-05-14
279-greenland_sea-100km-20160811-20160812,279,greenland_sea,EPSG:4326,79.74039879126664,-1.8183029644518331,EPSG:3413,100_000,100_000,2016-08-11,2016-08-12
281-greenland_sea-100km-20170805-20170806,281,greenland_sea,EPSG:4326,78.71389489924283,-15.037815903582244,EPSG:3413,100_000,100_000,2017-08-05,2017-08-06
283-greenland_sea-100km-20180610-20180611,283,greenland_sea,EPSG:4326,72.3157169715812,-20.92450174492116,EPSG:3413,100_000,100_000,2018-06-10,2018-06-11
286-greenland_sea-100km-20200318-20200319,286,greenland_sea,EPSG:4326,75.87551184467547,17.39332214691204,EPSG:3413,100_000,100_000,2020-03-18,2020-03-19
287-greenland_sea-100km-20210921-20210922,287,greenland_sea,EPSG:4326,81.98975669936368,-4.666858371438994,EPSG:3413,100_000,100_000,2021-09-21,2021-09-22
288-greenland_sea-100km-20220316-20220317,288,greenland_sea,EPSG:4326,76.8735186283378,21.80140948635181,EPSG:3413,100_000,100_000,2022-03-16,2022-03-17
290-greenland_sea-100km-20220723-20220724,290,greenland_sea,EPSG:4326,78.41046704435409,-4.830419958289938,EPSG:3413,100_000,100_000,2022-07-23,2022-07-24
291-greenland_sea-100km-20220728-20220729,291,greenland_sea,EPSG:4326,77.09488198221362,-16.837472625676384,EPSG:3413,100_000,100_000,2022-07-28,2022-07-29
292-greenland_sea-100km-20220919-20220920,292,greenland_sea,EPSG:4326,79.37206285945503,-11.481991354748091,EPSG:3413,100_000,100_000,2022-09-19,2022-09-20
456-hudson_bay-100km-20040626-20040627,456,hudson_bay,EPSG:4326,63.989106575456034,-88.23217294414394,EPSG:3413,100_000,100_000,2004-06-26,2004-06-27
296-hudson_bay-100km-20040706-20040707,296,hudson_bay,EPSG:4326,56.42190772930193,-77.99979032811471,EPSG:3413,100_000,100_000,2004-07-06,2004-07-07
298-hudson_bay-100km-20050409-20050410,298,hudson_bay,EPSG:4326,57.853009793119355,-91.98470311215355,EPSG:3413,100_000,100_000,2005-04-09,2005-04-10
300-hudson_bay-100km-20050613-20050614,300,hudson_bay,EPSG:4326,63.55458436339211,-84.08193964789238,EPSG:3413,100_000,100_000,2005-06-13,2005-06-14
301-hudson_bay-100km-20060329-20060330,301,hudson_bay,EPSG:4326,63.88590190558919,-76.13453331251938,EPSG:3413,100_000,100_000,2006-03-29,2006-03-30
302-hudson_bay-100km-20060403-20060404,302,hudson_bay,EPSG:4326,63.95847899545511,-76.820131910619,EPSG:3413,100_000,100_000,2006-04-03,2006-04-04
453-hudson_bay-100km-20060718-20060719,453,hudson_bay,EPSG:4326,65.03977915969801,-86.30861401354872,EPSG:3413,100_000,100_000,2006-07-18,2006-07-19
311-hudson_bay-100km-20070428-20070429,311,hudson_bay,EPSG:4326,58.31153967621843,-91.72698775048764,EPSG:3413,100_000,100_000,2007-04-28,2007-04-29
318-hudson_bay-100km-20080813-20080814,318,hudson_bay,EPSG:4326,65.85750453306764,-83.11174172300531,EPSG:3413,100_000,100_000,2008-08-13,2008-08-14
319-hudson_bay-100km-20090605-20090606,319,hudson_bay,EPSG:4326,60.5258812849436,-78.75095568532569,EPSG:3413,100_000,100_000,2009-06-05,2009-06-06
320-hudson_bay-100km-20090615-20090616,320,hudson_bay,EPSG:4326,58.31610451313179,-78.40782458970894,EPSG:3413,100_000,100_000,2009-06-15,2009-06-16
455-hudson_bay-100km-20100524-20100525,455,hudson_bay,EPSG:4326,58.970952927197125,-82.32758840022045,EPSG:3413,100_000,100_000,2010-05-24,2010-05-25
452-hudson_bay-100km-20100812-20100813,452,hudson_bay,EPSG:4326,65.36933163048317,-87.00686799402092,EPSG:3413,100_000,100_000,2010-08-12,2010-08-13
324-hudson_bay-100km-20110323-20110324,324,hudson_bay,EPSG:4326,65.33269660448441,-82.13393162710312,EPSG:3413,100_000,100_000,2011-03-23,2011-03-24
325-hudson_bay-100km-20110327-20110328,325,hudson_bay,EPSG:4326,64.21239146311544,-77.78068707678064,EPSG:3413,100_000,100_000,2011-03-27,2011-03-28
454-hudson_bay-100km-20130426-20130427,454,hudson_bay,EPSG:4326,63.09669372294096,-76.21214708367323,EPSG:3413,100_000,100_000,2013-04-26,2013-04-27
329-hudson_bay-100km-20130510-20130511,329,hudson_bay,EPSG:4326,65.68322733009332,-82.78097917513034,EPSG:3413,100_000,100_000,2013-05-10,2013-05-11
330-hudson_bay-100km-20150720-20150721,330,hudson_bay,EPSG:4326,56.47584750128901,-79.91346831534622,EPSG:3413,100_000,100_000,2015-07-20,2015-07-21
334-hudson_bay-100km-20170716-20170717,334,hudson_bay,EPSG:4326,64.49461435894949,-81.30869246411515,EPSG:3413,100_000,100_000,2017-07-16,2017-07-17
339-hudson_bay-100km-20200509-20200510,339,hudson_bay,EPSG:4326,62.76903867302275,-83.92041104216152,EPSG:3413,100_000,100_000,2020-05-09,2020-05-10
340-hudson_bay-100km-20210518-20210519,340,hudson_bay,EPSG:4326,62.30459183704782,-81.35457746574639,EPSG:3413,100_000,100_000,2021-05-18,2021-05-19
345-laptev_sea-100km-20040602-20040603,345,laptev_sea,EPSG:4326,75.15856632578773,131.0090869015702,EPSG:3413,100_000,100_000,2004-06-02,2004-06-03
347-laptev_sea-100km-20040923-20040924,347,laptev_sea,EPSG:4326,73.54374896880623,108.97040780848654,EPSG:3413,100_000,100_000,2004-09-23,2004-09-24
348-laptev_sea-100km-20060806-20060807,348,laptev_sea,EPSG:4326,77.92646285580558,134.4543424065843,EPSG:3413,100_000,100_000,2006-08-06,2006-08-07
351-laptev_sea-100km-20070405-20070406,351,laptev_sea,EPSG:4326,74.36255839783523,126.988768387144,EPSG:3413,100_000,100_000,2007-04-05,2007-04-06
352-laptev_sea-100km-20070504-20070505,352,laptev_sea,EPSG:4326,76.77416431399567,137.48955292199915,EPSG:3413,100_000,100_000,2007-05-04,2007-05-05
353-laptev_sea-100km-20070712-20070713,353,laptev_sea,EPSG:4326,78.06206368404492,142.1934700552955,EPSG:3413,100_000,100_000,2007-07-12,2007-07-13
360-laptev_sea-100km-20080330-20080331,360,laptev_sea,EPSG:4326,77.71099327658386,107.71579270637694,EPSG:3413,100_000,100_000,2008-03-30,2008-03-31
361-laptev_sea-100km-20080508-20080509,361,laptev_sea,EPSG:4326,77.59624115475634,100.57352341856092,EPSG:3413,100_000,100_000,2008-05-08,2008-05-09
362-laptev_sea-100km-20080601-20080602,362,laptev_sea,EPSG:4326,76.26949993393502,115.95876926156066,EPSG:3413,100_000,100_000,2008-06-01,2008-06-02
363-laptev_sea-100km-20080720-20080721,363,laptev_sea,EPSG:4326,75.57197451740649,129.0625839005185,EPSG:3413,100_000,100_000,2008-07-20,2008-07-21
371-laptev_sea-100km-20110324-20110325,371,laptev_sea,EPSG:4326,78.08849234046849,104.2259638987518,EPSG:3413,100_000,100_000,2011-03-24,2011-03-25
372-laptev_sea-100km-20110514-20110515,372,laptev_sea,EPSG:4326,77.40738052640897,101.16488017754858,EPSG:3413,100_000,100_000,2011-05-14,2011-05-15
377-laptev_sea-100km-20130904-20130905,377,laptev_sea,EPSG:4326,77.59624115475634,100.57352341856092,EPSG:3413,100_000,100_000,2013-09-04,2013-09-05
378-laptev_sea-100km-20140301-20140302,378,laptev_sea,EPSG:4326,78.3246157508427,108.68735150521118,EPSG:3413,100_000,100_000,2014-03-01,2014-03-02
379-laptev_sea-100km-20140403-20140404,379,laptev_sea,EPSG:4326,74.39251730726141,127.822754149145,EPSG:3413,100_000,100_000,2014-04-03,2014-04-04
381-laptev_sea-100km-20160402-20160403,381,laptev_sea,EPSG:4326,79.02592398285043,105.47863816541836,EPSG:3413,100_000,100_000,2016-04-02,2016-04-03
382-laptev_sea-100km-20160904-20160905,382,laptev_sea,EPSG:4326,79.75068045859918,136.93058744116698,EPSG:3413,100_000,100_000,2016-09-04,2016-09-05
385-laptev_sea-100km-20180601-20180602,385,laptev_sea,EPSG:4326,76.20870908720792,147.99461679191654,EPSG:3413,100_000,100_000,2018-06-01,2018-06-02
386-laptev_sea-100km-20180720-20180721,386,laptev_sea,EPSG:4326,73.88148747666128,143.59122543222762,EPSG:3413,100_000,100_000,2018-07-20,2018-07-21
387-laptev_sea-100km-20190816-20190817,387,laptev_sea,EPSG:4326,79.14166589836378,119.63838368815136,EPSG:3413,100_000,100_000,2019-08-16,2019-08-17
389-laptev_sea-100km-20210807-20210808,389,laptev_sea,EPSG:4326,79.93234417477997,140.9061411137705,EPSG:3413,100_000,100_000,2021-08-07,2021-08-08
466-sea_of_okhostk-100km-20040421-20040422,466,sea_of_okhostk,EPSG:4326,55.31702709953958,142.6068677719718,EPSG:3413,100_000,100_000,2004-04-21,2004-04-22
458-sea_of_okhostk-100km-20050606-20050607,458,sea_of_okhostk,EPSG:4326,55.3034061342606,139.25688440821506,EPSG:3413,100_000,100_000,2005-06-06,2005-06-07
462-sea_of_okhostk-100km-20070315-20070316,462,sea_of_okhostk,EPSG:4326,54.674582484079735,145.02899806150847,EPSG:3413,100_000,100_000,2007-03-15,2007-03-16
401-sea_of_okhostk-100km-20090524-20090525,401,sea_of_okhostk,EPSG:4326,58.32371433262955,153.434948822922,EPSG:3413,100_000,100_000,2009-05-24,2009-05-25
460-sea_of_okhostk-100km-20090608-20090609,460,sea_of_okhostk,EPSG:4326,55.3647529767199,137.4090813744723,EPSG:3413,100_000,100_000,2009-06-08,2009-06-09
459-sea_of_okhostk-100km-20090618-20090619,459,sea_of_okhostk,EPSG:4326,54.49142467910185,138.43002844006176,EPSG:3413,100_000,100_000,2009-06-18,2009-06-19
402-sea_of_okhostk-100km-20100308-20100309,402,sea_of_okhostk,EPSG:4326,54.38710559023557,147.5092994431321,EPSG:3413,100_000,100_000,2010-03-08,2010-03-09
403-sea_of_okhostk-100km-20100417-20100418,403,sea_of_okhostk,EPSG:4326,53.98012171353733,145.5432463946863,EPSG:3413,100_000,100_000,2010-04-17,2010-04-18
457-sea_of_okhostk-100km-20110504-20110505,457,sea_of_okhostk,EPSG:4326,58.58991722765379,154.47421405230625,EPSG:3413,100_000,100_000,2011-05-04,2011-05-05
464-sea_of_okhostk-100km-20130429-20130430,464,sea_of_okhostk,EPSG:4326,59.72775118335316,155.73095547282662,EPSG:3413,100_000,100_000,2013-04-29,2013-04-30
418-sea_of_okhostk-100km-20130614-20130615,418,sea_of_okhostk,EPSG:4326,54.6399834375134,139.89909245378772,EPSG:3413,100_000,100_000,2013-06-14,2013-06-15
463-sea_of_okhostk-100km-20140308-20140309,463,sea_of_okhostk,EPSG:4326,52.52351689452783,148.58185243592965,EPSG:3413,100_000,100_000,2014-03-08,2014-03-09
422-sea_of_okhostk-100km-20140312-20140313,422,sea_of_okhostk,EPSG:4326,52.82149428937873,147.99461679191654,EPSG:3413,100_000,100_000,2014-03-12,2014-03-13
461-sea_of_okhostk-100km-20140605-20140606,461,sea_of_okhostk,EPSG:4326,54.09469089696672,137.67542665602912,EPSG:3413,100_000,100_000,2014-06-05,2014-06-06
465-sea_of_okhostk-100km-20150312-20150313,465,sea_of_okhostk,EPSG:4326,57.66080433087346,156.83839836404928,EPSG:3413,100_000,100_000,2015-03-12,2015-03-13
431-sea_of_okhostk-100km-20160331-20160401,431,sea_of_okhostk,EPSG:4326,55.785541738957754,144.61659157004993,EPSG:3413,100_000,100_000,2016-03-31,2016-04-01
432-sea_of_okhostk-100km-20170428-20170429,432,sea_of_okhostk,EPSG:4326,56.16221886297233,138.99091309842976,EPSG:3413,100_000,100_000,2017-04-28,2017-04-29
433-sea_of_okhostk-100km-20170523-20170524,433,sea_of_okhostk,EPSG:4326,59.60112799780936,155.18286912757316,EPSG:3413,100_000,100_000,2017-05-23,2017-05-24
435-sea_of_okhostk-100km-20190427-20190428,435,sea_of_okhostk,EPSG:4326,58.44424237701525,143.82386194304044,EPSG:3413,100_000,100_000,2019-04-27,2019-04-28
439-sea_of_okhostk-100km-20210405-20210406,439,sea_of_okhostk,EPSG:4326,55.93280920132567,148.89906309275082,EPSG:3413,100_000,100_000,2021-04-05,2021-04-06
440-sea_of_okhostk-100km-20220524-20220525,440,sea_of_okhostk,EPSG:4326,54.18353883231012,140.55049978958294,EPSG:3413,100_000,100_000,2022-05-24,2022-05-25